Loan_ID,Gender,Married,Dependents,Education,Self_Employed,Total_Income,Loan_Amount,Loan_Amount_Term,Credit_History,Property_Area,Loan_Status
LP001002,Male,No,0,Graduate,No,5849.0,,360.0,1.0,Urban,Y
LP001003,Male,Yes,1,Graduate,No,6091.0,128.0,360.0,1.0,Rural,N
LP001005,Male,Yes,0,Graduate,Yes,3000.0,66.0,360.0,1.0,Urban,Y
LP001006,Male,Yes,0,Not Graduate,No,4941.0,120.0,360.0,1.0,Urban,Y
LP001008,Male,No,0,Graduate,No,6000.0,141.0,360.0,1.0,Urban,Y
LP001011,Male,Yes,2,Graduate,Yes,9613.0,267.0,360.0,1.0,Urban,Y
LP001013,Male,Yes,0,Not Graduate,No,3849.0,95.0,360.0,1.0,Urban,Y
LP001014,Male,Yes,3+,Graduate,No,5540.0,158.0,360.0,0.0,Semiurban,N
LP001018,Male,Yes,2,Graduate,No,5532.0,168.0,360.0,1.0,Urban,Y
LP001020,Male,Yes,1,Graduate,No,23809.0,349.0,360.0,1.0,Semiurban,N
LP001024,Male,Yes,2,Graduate,No,3900.0,70.0,360.0,1.0,Urban,Y
LP001027,Male,Yes,2,Graduate,,4340.0,109.0,360.0,1.0,Urban,Y
LP001028,Male,Yes,2,Graduate,No,11179.0,200.0,360.0,1.0,Urban,Y
LP001029,Male,No,0,Graduate,No,4693.0,114.0,360.0,1.0,Rural,N
LP001030,Male,Yes,2,Graduate,No,2385.0,17.0,120.0,1.0,Urban,Y
LP001032,Male,No,0,Graduate,No,4950.0,125.0,360.0,1.0,Urban,Y
LP001034,Male,No,1,Not Graduate,No,3596.0,100.0,240.0,,Urban,Y
LP001036,Female,No,0,Graduate,No,3510.0,76.0,360.0,0.0,Urban,N
LP001038,Male,Yes,0,Not Graduate,No,4887.0,133.0,360.0,1.0,Rural,N
LP001041,Male,Yes,0,Graduate,,6100.0,115.0,,1.0,Urban,Y
LP001043,Male,Yes,0,Not Graduate,No,7660.0,104.0,360.0,0.0,Urban,N
LP001046,Male,Yes,1,Graduate,No,11580.0,315.0,360.0,1.0,Urban,Y
LP001047,Male,Yes,0,Not Graduate,No,4511.0,116.0,360.0,0.0,Semiurban,N
LP001050,,Yes,2,Not Graduate,No,5282.0,112.0,360.0,0.0,Rural,N
LP001052,Male,Yes,1,Graduate,,6642.0,151.0,360.0,,Semiurban,N
LP001066,Male,Yes,0,Graduate,Yes,9560.0,191.0,360.0,1.0,Semiurban,Y
LP001068,Male,Yes,0,Graduate,No,5052.0,122.0,360.0,1.0,Semiurban,Y
LP001073,Male,Yes,2,Not Graduate,No,5266.0,110.0,360.0,1.0,Urban,Y
LP001086,Male,No,0,Not Graduate,No,1442.0,35.0,360.0,1.0,Urban,N
LP001087,Female,No,2,Graduate,,5833.0,120.0,360.0,1.0,Semiurban,Y
LP001091,Male,Yes,1,Graduate,,7535.0,201.0,360.0,,Urban,N
LP001095,Male,No,0,Graduate,No,3167.0,74.0,360.0,1.0,Urban,N
LP001097,Male,No,1,Graduate,Yes,4692.0,106.0,360.0,1.0,Rural,N
LP001098,Male,Yes,0,Graduate,No,5167.0,114.0,360.0,1.0,Semiurban,Y
LP001100,Male,No,3+,Graduate,No,15500.0,320.0,360.0,1.0,Rural,N
LP001106,Male,Yes,0,Graduate,No,4342.0,,360.0,1.0,Urban,Y
LP001109,Male,Yes,0,Graduate,No,3158.0,100.0,,0.0,Urban,N
LP001112,Female,Yes,0,Graduate,No,5126.0,144.0,360.0,1.0,Semiurban,Y
LP001114,Male,No,0,Graduate,No,11376.0,184.0,360.0,1.0,Urban,Y
LP001116,Male,No,0,Not Graduate,No,5416.0,110.0,360.0,1.0,Semiurban,Y
LP001119,Male,No,0,Graduate,No,3600.0,80.0,360.0,1.0,Urban,N
LP001120,Male,No,0,Graduate,No,3013.0,47.0,360.0,1.0,Urban,Y
LP001123,Male,Yes,0,Graduate,No,2400.0,75.0,360.0,,Urban,Y
LP001131,Male,Yes,0,Graduate,No,6277.0,134.0,360.0,1.0,Semiurban,Y
LP001136,Male,Yes,0,Not Graduate,Yes,4695.0,96.0,,1.0,Urban,Y
LP001137,Female,No,0,Graduate,No,3410.0,88.0,,1.0,Urban,Y
LP001138,Male,Yes,1,Graduate,No,5649.0,44.0,360.0,1.0,Urban,Y
LP001144,Male,Yes,0,Graduate,No,5821.0,144.0,360.0,1.0,Urban,Y
LP001146,Female,Yes,0,Graduate,No,6085.0,120.0,360.0,0.0,Urban,N
LP001151,Female,No,0,Graduate,No,6275.0,144.0,360.0,1.0,Semiurban,Y
LP001155,Female,Yes,0,Not Graduate,No,3572.0,100.0,360.0,1.0,Semiurban,Y
LP001157,Female,No,0,Graduate,No,3086.0,120.0,360.0,1.0,Semiurban,Y
LP001164,Female,No,0,Graduate,No,4230.0,112.0,360.0,1.0,Semiurban,N
LP001179,Male,Yes,2,Graduate,No,4616.0,134.0,360.0,1.0,Urban,N
LP001186,Female,Yes,1,Graduate,Yes,11500.0,286.0,360.0,0.0,Urban,N
LP001194,Male,Yes,2,Graduate,No,3875.0,97.0,360.0,1.0,Semiurban,Y
LP001195,Male,Yes,0,Graduate,No,3723.0,96.0,360.0,1.0,Semiurban,Y
LP001197,Male,Yes,0,Graduate,No,5566.0,135.0,360.0,1.0,Rural,N
LP001198,Male,Yes,1,Graduate,No,10330.0,180.0,360.0,1.0,Urban,Y
LP001199,Male,Yes,2,Not Graduate,No,6216.0,144.0,360.0,1.0,Urban,Y
LP001205,Male,Yes,0,Graduate,No,6296.0,120.0,360.0,1.0,Urban,Y
LP001206,Male,Yes,3+,Graduate,No,3029.0,99.0,360.0,1.0,Urban,Y
LP001207,Male,Yes,0,Not Graduate,Yes,6058.0,165.0,180.0,0.0,Rural,N
LP001213,Male,Yes,1,Graduate,No,4945.0,,360.0,0.0,Rural,N
LP001222,Female,No,0,Graduate,No,4166.0,116.0,360.0,0.0,Semiurban,N
LP001225,Male,Yes,0,Graduate,No,10321.0,258.0,360.0,1.0,Semiurban,N
LP001228,Male,No,0,Not Graduate,No,5454.0,126.0,180.0,0.0,Urban,N
LP001233,Male,Yes,1,Graduate,No,10750.0,312.0,360.0,1.0,Urban,Y
LP001238,Male,Yes,3+,Not Graduate,Yes,7100.0,125.0,60.0,1.0,Urban,Y
LP001241,Female,No,0,Graduate,No,4300.0,136.0,360.0,0.0,Semiurban,N
LP001243,Male,Yes,0,Graduate,No,6274.0,172.0,360.0,1.0,Urban,Y
LP001245,Male,Yes,2,Not Graduate,Yes,3750.0,97.0,360.0,1.0,Semiurban,Y
LP001248,Male,No,0,Graduate,No,3500.0,81.0,300.0,1.0,Semiurban,Y
LP001250,Male,Yes,3+,Not Graduate,No,4755.0,95.0,,0.0,Semiurban,N
LP001253,Male,Yes,3+,Graduate,Yes,7040.0,187.0,360.0,1.0,Semiurban,Y
LP001255,Male,No,0,Graduate,No,3750.0,113.0,480.0,1.0,Urban,N
LP001256,Male,No,0,Graduate,No,8500.0,176.0,360.0,1.0,Urban,N
LP001259,Male,Yes,1,Graduate,Yes,4022.0,110.0,360.0,1.0,Urban,N
LP001263,Male,Yes,3+,Graduate,No,7167.0,180.0,300.0,0.0,Semiurban,N
LP001264,Male,Yes,3+,Not Graduate,Yes,5499.0,130.0,360.0,,Semiurban,Y
LP001265,Female,No,0,Graduate,No,3846.0,111.0,360.0,1.0,Semiurban,Y
LP001266,Male,Yes,1,Graduate,Yes,2395.0,,360.0,1.0,Semiurban,Y
LP001267,Female,Yes,2,Graduate,No,3259.0,167.0,360.0,1.0,Urban,N
LP001273,Male,Yes,0,Graduate,No,8250.0,265.0,360.0,,Semiurban,N
LP001275,Male,Yes,1,Graduate,No,3988.0,50.0,240.0,1.0,Urban,Y
LP001279,Male,No,0,Graduate,No,4897.0,136.0,360.0,1.0,Semiurban,Y
LP001280,Male,Yes,2,Not Graduate,No,5333.0,99.0,360.0,,Semiurban,Y
LP001282,Male,Yes,0,Graduate,No,4618.0,104.0,360.0,1.0,Semiurban,Y
LP001289,Male,No,0,Graduate,No,8566.0,210.0,360.0,1.0,Urban,Y
LP001310,Male,Yes,0,Graduate,No,9862.0,175.0,360.0,1.0,Semiurban,Y
LP001316,Male,Yes,0,Graduate,No,5858.0,131.0,360.0,1.0,Semiurban,Y
LP001318,Male,Yes,2,Graduate,No,11904.0,188.0,180.0,1.0,Semiurban,Y
LP001319,Male,Yes,2,Not Graduate,No,5093.0,81.0,360.0,1.0,Urban,Y
LP001322,Male,No,0,Graduate,No,4133.0,122.0,360.0,1.0,Semiurban,Y
LP001325,Male,No,0,Not Graduate,No,3620.0,25.0,120.0,1.0,Semiurban,Y
LP001326,Male,No,0,Graduate,,6782.0,,360.0,,Urban,N
LP001327,Female,Yes,0,Graduate,No,4786.0,137.0,360.0,1.0,Semiurban,Y
LP001333,Male,Yes,0,Graduate,No,2974.0,50.0,360.0,1.0,Semiurban,Y
LP001334,Male,Yes,0,Not Graduate,No,4188.0,115.0,180.0,1.0,Semiurban,Y
LP001343,Male,Yes,0,Graduate,No,5300.0,131.0,360.0,1.0,Semiurban,Y
LP001345,Male,Yes,2,Not Graduate,No,7551.0,133.0,180.0,1.0,Urban,Y
LP001349,Male,No,0,Graduate,No,8649.0,151.0,360.0,1.0,Semiurban,Y
LP001350,Male,Yes,,Graduate,No,13650.0,,360.0,1.0,Urban,Y
LP001356,Male,Yes,0,Graduate,No,8235.0,,360.0,1.0,Semiurban,Y
LP001357,Male,,,Graduate,No,4570.0,160.0,360.0,1.0,Urban,Y
LP001367,Male,Yes,1,Graduate,No,4082.0,100.0,360.0,1.0,Urban,Y
LP001369,Male,Yes,2,Graduate,No,12543.0,225.0,360.0,1.0,Urban,Y
LP001370,Male,No,0,Not Graduate,,7333.0,120.0,360.0,1.0,Rural,N
LP001379,Male,Yes,2,Graduate,No,7400.0,216.0,360.0,0.0,Urban,N
LP001384,Male,Yes,3+,Not Graduate,No,2825.0,94.0,480.0,1.0,Semiurban,Y
LP001385,Male,No,0,Graduate,No,5316.0,136.0,360.0,1.0,Urban,Y
LP001387,Female,Yes,0,Graduate,,5262.0,139.0,360.0,1.0,Semiurban,Y
LP001391,Male,Yes,0,Not Graduate,No,7686.0,152.0,,0.0,Rural,N
LP001392,Female,No,1,Graduate,Yes,7451.0,,360.0,1.0,Semiurban,Y
LP001398,Male,No,0,Graduate,,5050.0,118.0,360.0,1.0,Semiurban,Y
LP001401,Male,Yes,1,Graduate,No,14583.0,185.0,180.0,1.0,Rural,Y
LP001404,Female,Yes,0,Graduate,No,5450.0,154.0,360.0,1.0,Semiurban,Y
LP001405,Male,Yes,1,Graduate,No,3612.0,85.0,360.0,,Urban,Y
LP001421,Male,Yes,0,Graduate,No,7710.0,175.0,360.0,1.0,Rural,N
LP001422,Female,No,0,Graduate,No,10408.0,259.0,360.0,1.0,Urban,Y
LP001426,Male,Yes,,Graduate,No,8334.0,180.0,360.0,1.0,Rural,Y
LP001430,Female,No,0,Graduate,No,4166.0,44.0,360.0,1.0,Semiurban,Y
LP001431,Female,No,0,Graduate,No,11117.0,137.0,360.0,0.0,Semiurban,Y
LP001432,Male,Yes,2,Graduate,No,2957.0,81.0,360.0,1.0,Semiurban,Y
LP001439,Male,Yes,0,Not Graduate,No,6314.0,194.0,360.0,1.0,Rural,Y
LP001443,Female,No,0,Graduate,No,3692.0,93.0,360.0,,Rural,Y
LP001448,,Yes,3+,Graduate,No,23803.0,370.0,360.0,1.0,Rural,Y
LP001449,Male,No,0,Graduate,No,5505.0,,360.0,1.0,Rural,Y
LP001451,Male,Yes,1,Graduate,Yes,14363.0,160.0,180.0,0.0,Urban,N
LP001465,Male,Yes,0,Graduate,No,8649.0,182.0,360.0,,Rural,N
LP001469,Male,No,0,Graduate,Yes,20166.0,650.0,480.0,,Urban,Y
LP001473,Male,No,0,Graduate,No,3943.0,74.0,360.0,1.0,Urban,Y
LP001478,Male,No,0,Graduate,No,2718.0,70.0,360.0,1.0,Semiurban,Y
LP001482,Male,Yes,0,Graduate,Yes,3459.0,25.0,120.0,1.0,Semiurban,Y
LP001487,Male,No,0,Graduate,No,4895.0,102.0,360.0,1.0,Semiurban,Y
LP001488,Male,Yes,3+,Graduate,No,11750.0,290.0,360.0,1.0,Semiurban,N
LP001489,Female,Yes,0,Graduate,No,4583.0,84.0,360.0,1.0,Rural,N
LP001491,Male,Yes,2,Graduate,Yes,6816.0,88.0,360.0,1.0,Urban,Y
LP001492,Male,No,0,Graduate,No,14999.0,242.0,360.0,0.0,Semiurban,N
LP001493,Male,Yes,2,Not Graduate,No,5630.0,129.0,360.0,1.0,Rural,N
LP001497,Male,Yes,2,Graduate,No,7125.0,185.0,360.0,1.0,Rural,N
LP001498,Male,No,0,Graduate,No,5417.0,168.0,360.0,1.0,Urban,Y
LP001504,Male,No,0,Graduate,Yes,6950.0,175.0,180.0,1.0,Semiurban,Y
LP001507,Male,Yes,0,Graduate,No,4732.0,122.0,360.0,1.0,Semiurban,Y
LP001508,Male,Yes,2,Graduate,No,11757.0,187.0,180.0,1.0,Urban,Y
LP001514,Female,Yes,0,Graduate,No,6816.0,100.0,360.0,1.0,Semiurban,Y
LP001516,Female,Yes,2,Graduate,No,14866.0,70.0,360.0,1.0,Urban,Y
LP001518,Male,Yes,1,Graduate,No,2963.0,30.0,360.0,1.0,Urban,Y
LP001519,Female,No,0,Graduate,No,11666.0,225.0,360.0,1.0,Rural,N
LP001520,Male,Yes,0,Graduate,No,5690.0,125.0,360.0,1.0,Semiurban,Y
LP001528,Male,No,0,Graduate,No,6277.0,118.0,360.0,0.0,Rural,N
LP001529,Male,Yes,0,Graduate,Yes,6327.0,152.0,360.0,1.0,Rural,Y
LP001531,Male,No,0,Graduate,No,9166.0,244.0,360.0,1.0,Urban,N
LP001532,Male,Yes,2,Not Graduate,No,2281.0,113.0,360.0,1.0,Rural,N
LP001535,Male,No,0,Graduate,No,3254.0,50.0,360.0,1.0,Urban,Y
LP001536,Male,Yes,3+,Graduate,No,39999.0,600.0,180.0,0.0,Semiurban,Y
LP001541,Male,Yes,1,Graduate,No,6000.0,160.0,360.0,,Rural,Y
LP001543,Male,Yes,1,Graduate,No,9538.0,187.0,360.0,1.0,Urban,Y
LP001546,Male,No,0,Graduate,,5063.0,120.0,360.0,1.0,Rural,Y
LP001552,Male,Yes,0,Graduate,No,10208.0,255.0,360.0,1.0,Semiurban,Y
LP001560,Male,Yes,0,Not Graduate,No,2904.0,98.0,360.0,1.0,Semiurban,Y
LP001562,Male,Yes,0,Graduate,No,7933.0,275.0,360.0,1.0,Urban,N
LP001565,Male,Yes,1,Graduate,No,4369.0,121.0,360.0,0.0,Semiurban,N
LP001570,Male,Yes,2,Graduate,No,5614.0,158.0,360.0,1.0,Rural,Y
LP001572,Male,Yes,0,Graduate,No,9323.0,75.0,180.0,1.0,Urban,Y
LP001574,Male,Yes,0,Graduate,No,6873.0,182.0,,1.0,Rural,Y
LP001577,Female,Yes,0,Graduate,No,4583.0,112.0,360.0,1.0,Rural,N
LP001578,Male,Yes,0,Graduate,No,5772.0,129.0,360.0,1.0,Rural,Y
LP001579,Male,No,0,Graduate,No,2237.0,63.0,480.0,0.0,Semiurban,N
LP001580,Male,Yes,2,Graduate,No,8000.0,200.0,360.0,1.0,Semiurban,Y
LP001581,Male,Yes,0,Not Graduate,,3589.0,95.0,360.0,1.0,Rural,Y
LP001585,,Yes,3+,Graduate,No,51763.0,700.0,300.0,1.0,Urban,Y
LP001586,Male,Yes,3+,Not Graduate,No,3522.0,81.0,180.0,1.0,Rural,N
LP001594,Male,Yes,0,Graduate,No,11333.0,187.0,360.0,1.0,Semiurban,Y
LP001603,Male,Yes,0,Not Graduate,Yes,5080.0,87.0,360.0,1.0,Semiurban,N
LP001606,Male,Yes,0,Graduate,No,5461.0,116.0,360.0,1.0,Rural,Y
LP001608,Male,Yes,2,Graduate,No,3664.0,101.0,360.0,1.0,Rural,Y
LP001610,Male,Yes,3+,Graduate,No,16816.0,495.0,360.0,0.0,Semiurban,N
LP001616,Male,Yes,1,Graduate,No,3750.0,116.0,360.0,1.0,Semiurban,Y
LP001630,Male,No,0,Not Graduate,No,3784.0,102.0,480.0,0.0,Urban,N
LP001633,Male,Yes,1,Graduate,No,13650.0,180.0,360.0,0.0,Urban,N
LP001634,Male,No,0,Graduate,No,6979.0,67.0,360.0,,Rural,N
LP001636,Male,Yes,0,Graduate,No,4600.0,73.0,180.0,1.0,Semiurban,Y
LP001637,Male,Yes,1,Graduate,No,33846.0,260.0,360.0,1.0,Semiurban,N
LP001639,Female,Yes,0,Graduate,No,3625.0,108.0,360.0,1.0,Semiurban,Y
LP001640,Male,Yes,0,Graduate,Yes,43897.0,120.0,360.0,1.0,Semiurban,Y
LP001641,Male,Yes,1,Graduate,Yes,2178.0,66.0,300.0,0.0,Rural,N
LP001643,Male,Yes,0,Graduate,No,4521.0,58.0,360.0,,Rural,Y
LP001644,,Yes,0,Graduate,Yes,5970.0,168.0,360.0,1.0,Rural,Y
LP001647,Male,Yes,0,Graduate,No,9328.0,188.0,180.0,1.0,Rural,Y
LP001653,Male,No,0,Not Graduate,No,4885.0,48.0,360.0,1.0,Rural,Y
LP001656,Male,No,0,Graduate,No,12000.0,164.0,360.0,1.0,Semiurban,N
LP001657,Male,Yes,0,Not Graduate,No,6033.0,160.0,360.0,1.0,Urban,N
LP001658,Male,No,0,Graduate,No,3858.0,76.0,360.0,1.0,Semiurban,Y
LP001664,Male,No,0,Graduate,No,4191.0,120.0,360.0,1.0,Rural,Y
LP001665,Male,Yes,1,Graduate,No,5708.0,170.0,360.0,1.0,Semiurban,N
LP001666,Male,No,0,Graduate,No,12083.0,187.0,360.0,1.0,Rural,Y
LP001669,Female,No,0,Not Graduate,No,4272.0,120.0,,1.0,Urban,Y
LP001671,Female,Yes,0,Graduate,No,6232.0,113.0,360.0,,Semiurban,Y
LP001673,Male,No,0,Graduate,Yes,11000.0,83.0,360.0,1.0,Urban,N
LP001674,Male,Yes,1,Not Graduate,No,5100.0,90.0,360.0,1.0,Semiurban,Y
LP001677,Male,No,2,Graduate,No,4923.0,166.0,360.0,0.0,Semiurban,Y
LP001682,Male,Yes,3+,Not Graduate,No,3992.0,,180.0,1.0,Urban,N
LP001688,Male,Yes,1,Not Graduate,No,4583.0,135.0,360.0,1.0,Urban,Y
LP001691,Male,Yes,2,Not Graduate,No,3917.0,124.0,360.0,1.0,Semiurban,Y
LP001692,Female,No,0,Not Graduate,No,4408.0,120.0,360.0,1.0,Semiurban,Y
LP001693,Female,No,0,Graduate,No,3244.0,80.0,360.0,1.0,Urban,Y
LP001698,Male,No,0,Not Graduate,No,6506.0,55.0,360.0,1.0,Rural,Y
LP001699,Male,No,0,Graduate,No,2479.0,59.0,360.0,1.0,Urban,Y
LP001702,Male,No,0,Graduate,No,3418.0,127.0,360.0,1.0,Semiurban,N
LP001708,Female,No,0,Graduate,No,10000.0,214.0,360.0,1.0,Semiurban,N
LP001711,Male,Yes,3+,Graduate,No,4680.0,128.0,360.0,0.0,Semiurban,N
LP001713,Male,Yes,1,Graduate,Yes,7787.0,240.0,360.0,1.0,Urban,Y
LP001715,Male,Yes,3+,Not Graduate,Yes,5703.0,130.0,360.0,1.0,Rural,Y
LP001716,Male,Yes,0,Graduate,No,6194.0,137.0,360.0,1.0,Urban,Y
LP001720,Male,Yes,3+,Not Graduate,No,4833.0,100.0,360.0,1.0,Semiurban,Y
LP001722,Male,Yes,0,Graduate,No,1950.0,135.0,360.0,1.0,Rural,N
LP001726,Male,Yes,0,Graduate,No,5502.0,131.0,360.0,1.0,Semiurban,Y
LP001732,Male,Yes,2,Graduate,,5000.0,72.0,360.0,0.0,Semiurban,N
LP001734,Female,Yes,2,Graduate,No,6666.0,127.0,360.0,,Semiurban,Y
LP001736,Male,Yes,0,Graduate,No,2221.0,60.0,360.0,0.0,Urban,N
LP001743,Male,Yes,2,Graduate,No,5726.0,116.0,360.0,1.0,Semiurban,Y
LP001744,Male,No,0,Graduate,No,5762.0,144.0,360.0,1.0,Semiurban,Y
LP001749,Male,Yes,0,Graduate,No,8588.0,175.0,,1.0,Semiurban,Y
LP001750,Male,Yes,0,Graduate,No,6250.0,128.0,360.0,1.0,Semiurban,Y
LP001751,Male,Yes,0,Graduate,No,3250.0,170.0,360.0,1.0,Rural,N
LP001754,Male,Yes,,Not Graduate,Yes,4735.0,138.0,360.0,1.0,Urban,N
LP001758,Male,Yes,2,Graduate,No,7945.0,210.0,360.0,1.0,Semiurban,Y
LP001760,Male,,,Graduate,No,4758.0,158.0,480.0,1.0,Semiurban,Y
LP001761,Male,No,0,Graduate,Yes,6400.0,200.0,360.0,1.0,Rural,Y
LP001765,Male,Yes,1,Graduate,No,4545.0,104.0,360.0,1.0,Semiurban,Y
LP001768,Male,Yes,0,Graduate,,3716.0,42.0,180.0,1.0,Rural,Y
LP001770,Male,No,0,Not Graduate,No,5787.0,120.0,,1.0,Rural,Y
LP001776,Female,No,0,Graduate,No,8333.0,280.0,360.0,1.0,Semiurban,Y
LP001778,Male,Yes,1,Graduate,No,4934.0,140.0,360.0,1.0,Semiurban,Y
LP001784,Male,Yes,1,Graduate,No,6760.0,170.0,360.0,1.0,Rural,Y
LP001786,Male,Yes,0,Graduate,,5746.0,255.0,360.0,,Urban,N
LP001788,Female,No,0,Graduate,Yes,3463.0,122.0,360.0,,Urban,Y
LP001790,Female,No,1,Graduate,No,3812.0,112.0,360.0,1.0,Rural,Y
LP001792,Male,Yes,1,Graduate,No,3315.0,96.0,360.0,1.0,Semiurban,Y
LP001798,Male,Yes,2,Graduate,No,10819.0,120.0,360.0,1.0,Rural,Y
LP001800,Male,Yes,1,Not Graduate,No,4493.0,140.0,180.0,1.0,Urban,N
LP001806,Male,No,0,Graduate,No,8666.0,155.0,60.0,1.0,Urban,Y
LP001807,Male,Yes,2,Graduate,Yes,7550.0,108.0,360.0,1.0,Rural,Y
LP001811,Male,Yes,0,Not Graduate,No,7823.0,123.0,360.0,1.0,Semiurban,Y
LP001813,Male,No,0,Graduate,Yes,10383.0,120.0,180.0,1.0,Urban,N
LP001814,Male,Yes,2,Graduate,No,9703.0,112.0,360.0,1.0,Urban,Y
LP001819,Male,Yes,1,Not Graduate,No,6608.0,137.0,180.0,1.0,Urban,Y
LP001824,Male,Yes,1,Graduate,No,4725.0,123.0,480.0,1.0,Semiurban,Y
LP001825,Male,Yes,0,Graduate,No,3677.0,90.0,360.0,1.0,Urban,Y
LP001835,Male,Yes,0,Not Graduate,No,5558.0,201.0,360.0,0.0,Semiurban,N
LP001836,Female,No,2,Graduate,No,3427.0,138.0,360.0,1.0,Urban,N
LP001841,Male,No,0,Not Graduate,Yes,4750.0,104.0,360.0,1.0,Rural,Y
LP001843,Male,Yes,1,Not Graduate,No,9762.0,279.0,180.0,1.0,Semiurban,Y
LP001844,Male,No,0,Graduate,Yes,16250.0,192.0,360.0,0.0,Urban,N
LP001846,Female,No,3+,Graduate,No,3083.0,255.0,360.0,1.0,Rural,Y
LP001849,Male,No,0,Not Graduate,No,6045.0,115.0,360.0,0.0,Rural,N
LP001854,Male,Yes,3+,Graduate,No,5250.0,94.0,360.0,1.0,Urban,N
LP001859,Male,Yes,0,Graduate,No,16783.0,304.0,360.0,1.0,Rural,N
LP001864,Male,Yes,3+,Not Graduate,No,4931.0,128.0,360.0,,Semiurban,N
LP001865,Male,Yes,1,Graduate,No,10333.0,330.0,360.0,,Urban,Y
LP001868,Male,No,0,Graduate,No,4269.0,134.0,360.0,1.0,Semiurban,Y
LP001870,Female,No,1,Graduate,No,3481.0,155.0,36.0,1.0,Semiurban,N
LP001871,Female,No,0,Graduate,No,7200.0,120.0,360.0,1.0,Rural,Y
LP001872,Male,No,0,Graduate,Yes,5166.0,128.0,360.0,1.0,Semiurban,Y
LP001875,Male,No,0,Graduate,No,7542.0,151.0,360.0,1.0,Rural,Y
LP001877,Male,Yes,2,Graduate,No,6095.0,150.0,360.0,1.0,Semiurban,Y
LP001882,Male,Yes,3+,Graduate,No,6144.0,160.0,360.0,0.0,Urban,Y
LP001883,Female,No,0,Graduate,,3418.0,135.0,360.0,1.0,Rural,N
LP001884,Female,No,1,Graduate,No,4436.0,90.0,360.0,1.0,Urban,Y
LP001888,Female,No,0,Graduate,No,3237.0,30.0,360.0,1.0,Urban,Y
LP001891,Male,Yes,0,Graduate,No,11146.0,136.0,360.0,1.0,Urban,Y
LP001892,Male,No,0,Graduate,No,4690.0,126.0,360.0,1.0,Rural,Y
LP001894,Male,Yes,0,Graduate,No,4843.0,150.0,360.0,1.0,Semiurban,Y
LP001896,Male,Yes,2,Graduate,No,3900.0,90.0,360.0,1.0,Semiurban,Y
LP001900,Male,Yes,1,Graduate,No,4592.0,115.0,360.0,1.0,Semiurban,Y
LP001903,Male,Yes,0,Graduate,No,7267.0,207.0,360.0,1.0,Semiurban,Y
LP001904,Male,Yes,0,Graduate,No,4403.0,80.0,360.0,1.0,Urban,Y
LP001907,Male,Yes,0,Graduate,No,14583.0,436.0,360.0,1.0,Semiurban,Y
LP001908,Female,Yes,0,Not Graduate,No,4100.0,124.0,360.0,,Rural,Y
LP001910,Male,No,1,Not Graduate,Yes,6479.0,158.0,360.0,0.0,Urban,N
LP001914,Male,Yes,0,Graduate,No,4727.0,112.0,360.0,1.0,Semiurban,Y
LP001915,Male,Yes,2,Graduate,No,3286.7999878,78.0,180.0,1.0,Urban,Y
LP001917,Female,No,0,Graduate,No,3477.0,54.0,360.0,1.0,Urban,Y
LP001922,Male,Yes,0,Graduate,No,20667.0,,360.0,1.0,Rural,N
LP001924,Male,No,0,Graduate,No,6211.0,89.0,360.0,1.0,Rural,Y
LP001925,Female,No,0,Graduate,Yes,4317.0,99.0,300.0,1.0,Semiurban,N
LP001926,Male,Yes,0,Graduate,No,5704.0,120.0,360.0,1.0,Rural,Y
LP001931,Female,No,0,Graduate,No,4124.0,115.0,360.0,1.0,Semiurban,Y
LP001935,Male,No,0,Graduate,No,9508.0,187.0,360.0,1.0,Rural,Y
LP001936,Male,Yes,0,Graduate,No,5491.0,139.0,360.0,1.0,Rural,Y
LP001938,Male,Yes,2,Graduate,No,4400.0,127.0,360.0,0.0,Semiurban,N
LP001940,Male,Yes,2,Graduate,No,4713.0,134.0,360.0,1.0,Urban,Y
LP001945,Female,No,,Graduate,No,5417.0,143.0,480.0,0.0,Urban,N
LP001947,Male,Yes,0,Graduate,No,5717.0,172.0,360.0,1.0,Semiurban,Y
LP001949,Male,Yes,3+,Graduate,,5666.0,110.0,360.0,1.0,Urban,Y
LP001953,Male,Yes,1,Graduate,No,6875.0,200.0,360.0,1.0,Semiurban,Y
LP001954,Female,Yes,1,Graduate,No,4666.0,135.0,360.0,1.0,Urban,Y
LP001955,Female,No,0,Graduate,No,7541.0,151.0,480.0,1.0,Rural,N
LP001963,Male,Yes,1,Graduate,No,4939.0,113.0,360.0,1.0,Urban,N
LP001964,Male,Yes,0,Not Graduate,No,4734.0,93.0,360.0,0.0,Urban,N
LP001972,Male,Yes,,Not Graduate,No,4625.0,105.0,360.0,1.0,Semiurban,Y
LP001974,Female,No,0,Graduate,No,5000.0,132.0,360.0,1.0,Rural,Y
LP001977,Male,Yes,1,Graduate,No,3428.0,96.0,360.0,1.0,Urban,Y
LP001978,Male,No,0,Graduate,No,6500.0,140.0,360.0,1.0,Rural,Y
LP001990,Male,No,0,Not Graduate,No,2000.0,,360.0,1.0,Urban,N
LP001993,Female,No,0,Graduate,No,5428.0,135.0,360.0,1.0,Rural,Y
LP001994,Female,No,0,Graduate,No,4263.0,104.0,360.0,0.0,Urban,N
LP001996,Male,No,0,Graduate,No,20233.0,480.0,360.0,1.0,Rural,N
LP001998,Male,Yes,2,Not Graduate,No,7667.0,185.0,360.0,,Rural,Y
LP002002,Female,No,0,Graduate,No,2917.0,84.0,360.0,1.0,Semiurban,Y
LP002004,Male,No,0,Not Graduate,No,5332.0,111.0,360.0,1.0,Semiurban,Y
LP002006,Female,No,0,Graduate,No,2507.0,56.0,360.0,1.0,Rural,Y
LP002008,Male,Yes,2,Graduate,Yes,5746.0,144.0,84.0,,Rural,Y
LP002024,,Yes,0,Graduate,No,4316.0,159.0,360.0,1.0,Rural,N
LP002031,Male,Yes,1,Not Graduate,No,5039.0,111.0,180.0,1.0,Urban,Y
LP002035,Male,Yes,2,Graduate,No,3717.0,120.0,360.0,1.0,Semiurban,Y
LP002036,Male,Yes,0,Graduate,No,4192.0,88.0,360.0,,Urban,Y
LP002043,Female,No,1,Graduate,No,3541.0,112.0,360.0,,Semiurban,Y
LP002050,Male,Yes,1,Graduate,Yes,10000.0,155.0,360.0,1.0,Rural,N
LP002051,Male,Yes,0,Graduate,No,4567.0,115.0,360.0,1.0,Semiurban,Y
LP002053,Male,Yes,3+,Graduate,No,4531.0,124.0,360.0,1.0,Semiurban,Y
LP002054,Male,Yes,2,Not Graduate,No,5191.0,,360.0,1.0,Rural,Y
LP002055,Female,No,0,Graduate,No,6151.0,132.0,360.0,,Rural,Y
LP002065,Male,Yes,3+,Graduate,No,15000.0,300.0,360.0,1.0,Rural,Y
LP002067,Male,Yes,1,Graduate,Yes,13649.0,376.0,360.0,0.0,Rural,N
LP002068,Male,No,0,Graduate,No,4917.0,130.0,360.0,0.0,Rural,Y
LP002082,Male,Yes,0,Graduate,Yes,7978.0,184.0,360.0,1.0,Semiurban,Y
LP002086,Female,Yes,0,Graduate,No,6784.0,110.0,360.0,1.0,Urban,N
LP002087,Female,No,0,Graduate,No,2500.0,67.0,360.0,1.0,Urban,Y
LP002097,Male,No,1,Graduate,No,6177.0,117.0,360.0,1.0,Urban,Y
LP002098,Male,No,0,Graduate,No,2935.0,98.0,360.0,1.0,Semiurban,Y
LP002100,Male,No,,Graduate,No,2833.0,71.0,360.0,1.0,Urban,Y
LP002101,Male,Yes,0,Graduate,,63337.0,490.0,180.0,1.0,Urban,Y
LP002103,,Yes,1,Graduate,Yes,11666.0,182.0,180.0,1.0,Urban,Y
LP002106,Male,Yes,,Graduate,Yes,9993.0,70.0,,1.0,Semiurban,Y
LP002110,Male,Yes,1,Graduate,,5938.0,160.0,360.0,1.0,Rural,Y
LP002112,Male,Yes,2,Graduate,Yes,7100.0,176.0,360.0,1.0,Rural,Y
LP002113,Female,No,3+,Not Graduate,No,1830.0,,360.0,0.0,Urban,N
LP002114,Female,No,0,Graduate,No,4160.0,71.0,360.0,1.0,Semiurban,Y
LP002115,Male,Yes,3+,Not Graduate,No,4234.0,173.0,360.0,1.0,Rural,N
LP002116,Female,No,0,Graduate,No,2378.0,46.0,360.0,1.0,Rural,N
LP002119,Male,Yes,1,Not Graduate,No,5783.0,158.0,360.0,1.0,Urban,Y
LP002126,Male,Yes,3+,Not Graduate,No,3173.0,74.0,360.0,1.0,Semiurban,Y
LP002128,Male,Yes,2,Graduate,,4913.0,125.0,360.0,1.0,Rural,Y
LP002129,Male,Yes,0,Graduate,No,4957.0,160.0,360.0,1.0,Semiurban,Y
LP002130,Male,Yes,,Not Graduate,No,6753.0,152.0,360.0,0.0,Rural,N
LP002131,Male,Yes,2,Not Graduate,No,5251.0,126.0,360.0,1.0,Urban,Y
LP002137,Male,Yes,0,Graduate,No,10916.0,259.0,360.0,,Semiurban,Y
LP002138,Male,Yes,0,Graduate,No,8875.0,187.0,360.0,1.0,Rural,Y
LP002139,Male,Yes,0,Graduate,No,9083.0,228.0,360.0,1.0,Semiurban,Y
LP002140,Male,No,0,Graduate,No,12917.0,308.0,360.0,1.0,Rural,N
LP002141,Male,Yes,3+,Graduate,No,4749.0,95.0,360.0,1.0,Rural,Y
LP002142,Female,Yes,0,Graduate,Yes,5500.0,105.0,360.0,0.0,Rural,N
LP002143,Female,Yes,0,Graduate,No,2928.0,130.0,360.0,1.0,Semiurban,Y
LP002144,Female,No,,Graduate,No,3813.0,116.0,180.0,1.0,Urban,Y
LP002149,Male,Yes,2,Graduate,No,11500.0,165.0,360.0,1.0,Rural,Y
LP002151,Male,Yes,1,Graduate,No,3875.0,67.0,360.0,1.0,Urban,N
LP002158,Male,Yes,0,Not Graduate,No,4666.0,100.0,480.0,0.0,Urban,N
LP002160,Male,Yes,3+,Graduate,No,8334.0,200.0,360.0,1.0,Semiurban,Y
LP002161,Female,No,1,Graduate,No,4723.0,81.0,360.0,1.0,Semiurban,N
LP002170,Male,Yes,2,Graduate,No,8667.0,236.0,360.0,1.0,Semiurban,Y
LP002175,Male,Yes,0,Graduate,No,7083.0,130.0,360.0,1.0,Urban,Y
LP002178,Male,Yes,0,Graduate,No,6046.0,95.0,300.0,,Urban,Y
LP002180,Male,No,0,Graduate,Yes,6822.0,141.0,360.0,1.0,Rural,Y
LP002181,Male,No,0,Not Graduate,No,6216.0,133.0,360.0,1.0,Rural,N
LP002187,Male,No,0,Graduate,No,2500.0,96.0,480.0,1.0,Semiurban,N
LP002188,Male,No,0,Graduate,No,5124.0,124.0,,0.0,Rural,N
LP002190,Male,Yes,1,Graduate,No,6325.0,175.0,360.0,1.0,Semiurban,Y
LP002191,Male,Yes,0,Graduate,No,24996.0,570.0,360.0,1.0,Rural,N
LP002194,Female,No,0,Graduate,Yes,15759.0,55.0,360.0,1.0,Semiurban,Y
LP002197,Male,Yes,2,Graduate,No,5185.0,155.0,360.0,1.0,Semiurban,Y
LP002201,Male,Yes,2,Graduate,Yes,17196.0,380.0,300.0,1.0,Rural,Y
LP002205,Male,No,1,Graduate,No,5049.0,111.0,180.0,0.0,Urban,N
LP002209,Female,No,0,Graduate,,4223.0,110.0,360.0,1.0,Urban,Y
LP002211,Male,Yes,0,Graduate,No,5740.0,120.0,180.0,1.0,Urban,Y
LP002219,Male,Yes,3+,Graduate,No,13746.0,130.0,360.0,1.0,Rural,Y
LP002223,Male,Yes,0,Graduate,No,4310.0,130.0,360.0,,Semiurban,Y
LP002224,Male,No,0,Graduate,No,3069.0,71.0,480.0,1.0,Urban,N
LP002225,Male,Yes,2,Graduate,No,5391.0,130.0,360.0,1.0,Urban,Y
LP002226,Male,Yes,0,Graduate,,5833.0,128.0,360.0,1.0,Semiurban,Y
LP002229,Male,No,0,Graduate,No,10173.0,296.0,360.0,1.0,Semiurban,Y
LP002231,Female,No,0,Graduate,No,6000.0,156.0,360.0,1.0,Urban,Y
LP002234,Male,No,0,Graduate,Yes,7167.0,128.0,360.0,1.0,Urban,Y
LP002236,Male,Yes,2,Graduate,No,4566.0,100.0,360.0,1.0,Urban,N
LP002237,Male,No,1,Graduate,,3667.0,113.0,180.0,1.0,Urban,Y
LP002239,Male,No,0,Not Graduate,No,3946.0,132.0,360.0,1.0,Semiurban,Y
LP002243,Male,Yes,0,Not Graduate,No,6146.0,,360.0,0.0,Urban,N
LP002244,Male,Yes,0,Graduate,No,4750.0,136.0,360.0,1.0,Urban,Y
LP002250,Male,Yes,0,Graduate,No,5488.0,125.0,360.0,1.0,Rural,Y
LP002255,Male,No,3+,Graduate,No,9167.0,185.0,360.0,1.0,Rural,Y
LP002262,Male,Yes,3+,Graduate,No,9504.0,275.0,360.0,1.0,Rural,Y
LP002263,Male,Yes,0,Graduate,No,4698.0,120.0,360.0,,Urban,Y
LP002265,Male,Yes,2,Not Graduate,No,3618.0,113.0,180.0,1.0,Semiurban,Y
LP002266,Male,Yes,2,Graduate,No,4500.0,113.0,360.0,1.0,Urban,Y
LP002272,Male,Yes,2,Graduate,No,3760.0,135.0,360.0,,Semiurban,Y
LP002277,Female,No,0,Graduate,No,3180.0,71.0,360.0,0.0,Urban,N
LP002281,Male,Yes,0,Graduate,No,4492.0,95.0,360.0,1.0,Urban,Y
LP002284,Male,No,0,Not Graduate,No,5568.0,109.0,360.0,1.0,Rural,Y
LP002287,Female,No,0,Graduate,No,3300.0,103.0,360.0,0.0,Semiurban,N
LP002288,Male,Yes,2,Not Graduate,No,2889.0,45.0,180.0,0.0,Urban,N
LP002296,Male,No,0,Not Graduate,No,2755.0,65.0,300.0,1.0,Rural,N
LP002297,Male,No,0,Graduate,No,22500.0,103.0,360.0,1.0,Semiurban,Y
LP002300,Female,No,0,Not Graduate,No,1963.0,53.0,360.0,1.0,Semiurban,Y
LP002301,Female,No,0,Graduate,Yes,7441.0,194.0,360.0,1.0,Rural,N
LP002305,Female,No,0,Graduate,No,4547.0,115.0,360.0,1.0,Semiurban,Y
LP002308,Male,Yes,0,Not Graduate,No,4567.0,115.0,360.0,1.0,Urban,Y
LP002314,Female,No,0,Not Graduate,No,2213.0,66.0,360.0,1.0,Rural,Y
LP002315,Male,Yes,1,Graduate,No,8300.0,152.0,300.0,0.0,Semiurban,N
LP002317,Male,Yes,3+,Graduate,No,81000.0,360.0,360.0,0.0,Rural,N
LP002318,Female,No,1,Not Graduate,Yes,3867.0,62.0,360.0,1.0,Semiurban,N
LP002319,Male,Yes,0,Graduate,,6256.0,160.0,360.0,,Urban,Y
LP002328,Male,Yes,0,Not Graduate,No,6096.0,218.0,360.0,0.0,Rural,N
LP002332,Male,Yes,0,Not Graduate,No,4286.0,110.0,360.0,1.0,Rural,Y
LP002335,Female,Yes,0,Not Graduate,No,5386.0,178.0,360.0,0.0,Semiurban,N
LP002337,Female,No,0,Graduate,No,2995.0,60.0,360.0,1.0,Urban,Y
LP002341,Female,No,1,Graduate,No,2600.0,160.0,360.0,1.0,Urban,N
LP002342,Male,Yes,2,Graduate,Yes,21600.0,239.0,360.0,1.0,Urban,N
LP002345,Male,Yes,0,Graduate,No,3798.0,112.0,360.0,1.0,Rural,Y
LP002347,Male,Yes,0,Graduate,No,4663.0,138.0,360.0,1.0,Semiurban,Y
LP002348,Male,Yes,0,Graduate,No,5829.0,138.0,360.0,1.0,Rural,Y
LP002357,Female,No,0,Not Graduate,No,2720.0,80.0,,0.0,Urban,N
LP002361,Male,Yes,0,Graduate,No,3539.0,100.0,360.0,1.0,Urban,Y
LP002362,Male,Yes,1,Graduate,No,8917.0,110.0,,0.0,Urban,N
LP002364,Male,Yes,0,Graduate,No,14880.0,96.0,360.0,1.0,Semiurban,Y
LP002366,Male,Yes,0,Graduate,No,6966.0,121.0,360.0,1.0,Rural,Y
LP002367,Female,No,1,Not Graduate,No,4606.0,81.0,360.0,1.0,Rural,N
LP002368,Male,Yes,2,Graduate,No,5935.0,133.0,360.0,1.0,Semiurban,Y
LP002369,Male,Yes,0,Graduate,No,2936.12000084,87.0,360.0,1.0,Rural,Y
LP002370,Male,No,0,Not Graduate,No,2717.0,60.0,180.0,1.0,Urban,Y
LP002377,Female,No,1,Graduate,Yes,8624.0,150.0,360.0,1.0,Semiurban,Y
LP002379,Male,No,0,Graduate,No,6500.0,105.0,360.0,0.0,Rural,N
LP002386,Male,No,0,Graduate,,12876.0,405.0,360.0,1.0,Semiurban,Y
LP002387,Male,Yes,0,Graduate,No,4765.0,143.0,360.0,1.0,Semiurban,Y
LP002390,Male,No,0,Graduate,No,3750.0,100.0,360.0,1.0,Urban,Y
LP002393,Female,,,Graduate,No,10047.0,,240.0,1.0,Semiurban,Y
LP002398,Male,No,0,Graduate,No,3777.0,50.0,360.0,1.0,Semiurban,Y
LP002401,Male,Yes,0,Graduate,No,3338.0,,360.0,1.0,Urban,Y
LP002403,Male,No,0,Graduate,Yes,10416.0,187.0,360.0,0.0,Urban,N
LP002407,Female,Yes,0,Not Graduate,Yes,7142.0,138.0,360.0,1.0,Rural,Y
LP002408,Male,No,0,Graduate,No,8724.0,187.0,360.0,1.0,Semiurban,Y
LP002409,Male,Yes,0,Graduate,No,9734.0,180.0,360.0,1.0,Rural,Y
LP002418,Male,No,3+,Not Graduate,No,6700.0,148.0,360.0,1.0,Semiurban,Y
LP002422,Male,No,1,Graduate,No,37719.0,152.0,360.0,1.0,Semiurban,Y
LP002424,Male,Yes,0,Graduate,No,15666.0,175.0,300.0,,Rural,Y
LP002429,Male,Yes,1,Graduate,Yes,4676.0,130.0,360.0,1.0,Rural,Y
LP002434,Male,Yes,2,Not Graduate,No,4652.0,110.0,360.0,1.0,Rural,Y
LP002435,Male,Yes,0,Graduate,,4915.0,55.0,360.0,1.0,Rural,N
LP002443,Male,Yes,2,Graduate,No,5050.0,150.0,360.0,0.0,Rural,N
LP002444,Male,No,1,Not Graduate,Yes,4311.0,190.0,360.0,,Semiurban,N
LP002446,Male,Yes,2,Not Graduate,No,3564.0,125.0,360.0,0.0,Rural,N
LP002447,Male,Yes,2,Not Graduate,No,3414.0,60.0,300.0,,Urban,Y
LP002448,Male,Yes,0,Graduate,No,5681.0,149.0,360.0,0.0,Rural,N
LP002449,Male,Yes,0,Graduate,No,4949.0,90.0,180.0,0.0,Rural,Y
LP002453,Male,No,0,Graduate,Yes,7085.0,84.0,360.0,1.0,Semiurban,Y
LP002455,Male,Yes,2,Graduate,No,3859.0,96.0,360.0,1.0,Semiurban,Y
LP002459,Male,Yes,0,Graduate,No,4301.0,118.0,360.0,1.0,Urban,Y
LP002467,Male,Yes,0,Graduate,No,6277.0,173.0,360.0,1.0,Urban,N
LP002472,Male,No,2,Graduate,No,4354.0,136.0,360.0,1.0,Rural,Y
LP002473,Male,Yes,0,Graduate,No,8334.0,160.0,360.0,1.0,Semiurban,N
LP002478,,Yes,0,Graduate,Yes,6166.0,160.0,360.0,,Semiurban,Y
LP002484,Male,Yes,3+,Graduate,No,7740.0,128.0,180.0,1.0,Urban,Y
LP002487,Male,Yes,0,Graduate,No,5203.0,153.0,360.0,1.0,Rural,Y
LP002489,Female,No,1,Not Graduate,,5191.0,132.0,360.0,1.0,Semiurban,Y
LP002493,Male,No,0,Graduate,No,4166.0,98.0,360.0,0.0,Semiurban,N
LP002494,Male,No,0,Graduate,No,6000.0,140.0,360.0,1.0,Rural,Y
LP002500,Male,Yes,3+,Not Graduate,No,4611.0,70.0,180.0,0.0,Urban,N
LP002501,,Yes,0,Graduate,No,16692.0,110.0,360.0,1.0,Semiurban,Y
LP002502,Female,Yes,2,Not Graduate,,3127.0,98.0,360.0,1.0,Semiurban,Y
LP002505,Male,Yes,0,Graduate,No,6784.0,110.0,360.0,1.0,Urban,N
LP002515,Male,Yes,1,Graduate,Yes,5529.0,162.0,360.0,1.0,Semiurban,Y
LP002517,Male,Yes,1,Not Graduate,No,4153.0,113.0,180.0,0.0,Rural,N
LP002519,Male,Yes,3+,Graduate,No,4691.0,100.0,360.0,1.0,Semiurban,Y
LP002522,Female,No,0,Graduate,Yes,2500.0,93.0,360.0,,Urban,Y
LP002524,Male,No,2,Graduate,No,10180.0,162.0,360.0,1.0,Rural,Y
LP002527,Male,Yes,2,Graduate,Yes,17539.0,150.0,360.0,1.0,Rural,Y
LP002529,Male,Yes,2,Graduate,No,8450.0,230.0,300.0,1.0,Semiurban,Y
LP002530,,Yes,2,Graduate,No,4745.0,132.0,360.0,0.0,Semiurban,N
LP002531,Male,Yes,1,Graduate,Yes,18917.0,86.0,360.0,1.0,Semiurban,Y
LP002533,Male,Yes,2,Graduate,No,4550.0,,360.0,1.0,Urban,N
LP002534,Female,No,0,Not Graduate,No,4350.0,154.0,360.0,1.0,Rural,Y
LP002536,Male,Yes,3+,Not Graduate,No,3095.0,113.0,360.0,1.0,Rural,Y
LP002537,Male,Yes,0,Graduate,No,5233.0,128.0,360.0,1.0,Semiurban,Y
LP002541,Male,Yes,0,Graduate,No,10833.0,234.0,360.0,1.0,Semiurban,Y
LP002543,Male,Yes,2,Graduate,No,8333.0,246.0,360.0,1.0,Semiurban,Y
LP002544,Male,Yes,1,Not Graduate,No,4394.0,131.0,360.0,1.0,Rural,Y
LP002545,Male,No,2,Graduate,No,3547.0,80.0,360.0,0.0,Rural,N
LP002547,Male,Yes,1,Graduate,No,18333.0,500.0,360.0,1.0,Urban,N
LP002555,Male,Yes,2,Graduate,Yes,6666.0,160.0,360.0,1.0,Semiurban,Y
LP002556,Male,No,0,Graduate,No,2435.0,75.0,360.0,1.0,Urban,N
LP002560,Male,No,0,Not Graduate,No,5484.0,96.0,360.0,,Semiurban,Y
LP002562,Male,Yes,1,Not Graduate,No,6464.0,186.0,360.0,,Urban,Y
LP002571,Male,No,0,Not Graduate,No,3691.0,110.0,360.0,1.0,Rural,Y
LP002582,Female,No,0,Not Graduate,Yes,17263.0,225.0,360.0,1.0,Semiurban,Y
LP002585,Male,Yes,0,Graduate,No,5754.0,119.0,360.0,0.0,Rural,N
LP002586,Female,Yes,1,Graduate,No,4239.0,105.0,84.0,1.0,Semiurban,Y
LP002587,Male,Yes,0,Not Graduate,No,4300.0,107.0,360.0,1.0,Rural,Y
LP002588,Male,Yes,0,Graduate,No,7482.0,111.0,12.0,,Urban,Y
LP002600,Male,Yes,1,Graduate,Yes,2895.0,95.0,360.0,1.0,Semiurban,Y
LP002602,Male,No,0,Graduate,No,10699.0,209.0,360.0,0.0,Rural,N
LP002603,Female,No,0,Graduate,No,4328.0,113.0,480.0,1.0,Rural,Y
LP002606,Female,No,0,Graduate,No,3159.0,100.0,360.0,1.0,Semiurban,Y
LP002615,Male,Yes,2,Graduate,No,10489.0,208.0,360.0,1.0,Semiurban,Y
LP002618,Male,Yes,1,Not Graduate,No,9352.0,138.0,360.0,,Rural,N
LP002619,Male,Yes,0,Not Graduate,No,5297.0,124.0,300.0,1.0,Semiurban,Y
LP002622,Male,Yes,2,Graduate,No,7926.0,243.0,360.0,1.0,Rural,Y
LP002624,Male,Yes,0,Graduate,No,27500.0,480.0,360.0,,Urban,Y
LP002625,,No,0,Graduate,No,3583.0,96.0,360.0,1.0,Urban,N
LP002626,Male,Yes,0,Graduate,Yes,5492.0,188.0,360.0,1.0,Urban,Y
LP002634,Female,No,1,Graduate,No,13262.0,40.0,360.0,1.0,Urban,Y
LP002637,Male,No,0,Not Graduate,No,4885.0,100.0,360.0,1.0,Rural,N
LP002640,Male,Yes,1,Graduate,No,8069.0,250.0,360.0,1.0,Semiurban,Y
LP002643,Male,Yes,2,Graduate,No,5318.0,148.0,360.0,1.0,Urban,Y
LP002648,Male,Yes,0,Graduate,No,8796.0,70.0,180.0,1.0,Semiurban,N
LP002652,Male,No,0,Graduate,No,9481.0,311.0,360.0,1.0,Rural,N
LP002659,Male,Yes,3+,Graduate,No,6894.0,150.0,360.0,1.0,Rural,Y
LP002670,Female,Yes,2,Graduate,No,3663.0,113.0,480.0,1.0,Semiurban,Y
LP002682,Male,Yes,,Not Graduate,No,4874.0,123.0,360.0,0.0,Semiurban,N
LP002683,Male,No,0,Graduate,No,6598.0,185.0,360.0,1.0,Semiurban,N
LP002684,Female,No,0,Not Graduate,No,3400.0,95.0,360.0,1.0,Rural,N
LP002689,Male,Yes,2,Not Graduate,No,3934.0,45.0,360.0,1.0,Semiurban,Y
LP002690,Male,No,0,Graduate,No,2500.0,55.0,360.0,1.0,Semiurban,Y
LP002692,Male,Yes,3+,Graduate,Yes,7101.0,100.0,360.0,1.0,Rural,Y
LP002693,Male,Yes,2,Graduate,Yes,15114.0,480.0,360.0,1.0,Rural,Y
LP002697,Male,No,0,Graduate,No,6767.0,,360.0,1.0,Semiurban,N
LP002699,Male,Yes,2,Graduate,Yes,17500.0,400.0,360.0,1.0,Rural,Y
LP002705,Male,Yes,0,Graduate,No,3775.0,110.0,360.0,1.0,Semiurban,Y
LP002706,Male,Yes,1,Not Graduate,No,6715.0,161.0,360.0,0.0,Semiurban,Y
LP002714,Male,No,1,Not Graduate,No,3981.0,94.0,360.0,1.0,Semiurban,Y
LP002716,Male,No,0,Not Graduate,No,6783.0,130.0,360.0,1.0,Semiurban,Y
LP002717,Male,Yes,0,Graduate,No,6525.0,216.0,360.0,,Rural,Y
LP002720,Male,Yes,3+,Graduate,No,4281.0,100.0,360.0,1.0,Urban,Y
LP002723,Male,No,2,Graduate,No,3588.0,110.0,360.0,0.0,Rural,N
LP002729,Male,No,1,Graduate,No,11250.0,196.0,360.0,,Semiurban,N
LP002731,Female,No,0,Not Graduate,Yes,18165.0,125.0,360.0,1.0,Urban,Y
LP002732,Male,No,0,Not Graduate,,4592.0,126.0,360.0,1.0,Rural,Y
LP002734,Male,Yes,0,Graduate,No,10039.0,324.0,360.0,1.0,Urban,Y
LP002738,Male,No,2,Graduate,No,3617.0,107.0,360.0,1.0,Semiurban,Y
LP002739,Male,Yes,0,Not Graduate,No,3453.0,66.0,360.0,1.0,Rural,N
LP002740,Male,Yes,3+,Graduate,No,6417.0,157.0,180.0,1.0,Rural,Y
LP002741,Female,Yes,1,Graduate,No,7453.0,140.0,180.0,1.0,Semiurban,Y
LP002743,Female,No,0,Graduate,No,2138.0,99.0,360.0,0.0,Semiurban,N
LP002753,Female,No,1,Graduate,,3652.0,95.0,360.0,1.0,Semiurban,Y
LP002755,Male,Yes,1,Not Graduate,No,4763.0,128.0,360.0,1.0,Urban,Y
LP002757,Female,Yes,0,Not Graduate,No,3680.0,102.0,360.0,,Semiurban,Y
LP002767,Male,Yes,0,Graduate,No,4718.0,155.0,360.0,1.0,Rural,Y
LP002768,Male,No,0,Not Graduate,No,3358.0,80.0,36.0,1.0,Semiurban,N
LP002772,Male,No,0,Graduate,No,4309.0,145.0,360.0,1.0,Rural,Y
LP002776,Female,No,0,Graduate,No,5000.0,103.0,360.0,0.0,Semiurban,N
LP002777,Male,Yes,0,Graduate,No,4801.0,110.0,360.0,1.0,Rural,Y
LP002778,Male,Yes,2,Graduate,Yes,6633.0,,360.0,0.0,Rural,N
LP002784,Male,Yes,1,Not Graduate,No,4867.0,,360.0,1.0,Rural,Y
LP002785,Male,Yes,1,Graduate,No,6583.0,158.0,360.0,1.0,Urban,Y
LP002788,Male,Yes,0,Not Graduate,No,4787.0,181.0,360.0,0.0,Urban,N
LP002789,Male,Yes,0,Graduate,No,7859.0,132.0,180.0,0.0,Rural,N
LP002792,Male,Yes,1,Graduate,No,6500.0,26.0,360.0,1.0,Semiurban,Y
LP002794,Female,No,0,Graduate,No,4292.0,84.0,360.0,,Urban,Y
LP002795,Male,Yes,3+,Graduate,Yes,10139.0,260.0,360.0,1.0,Semiurban,Y
LP002798,Male,Yes,0,Graduate,No,6556.0,162.0,360.0,1.0,Semiurban,Y
LP002804,Female,Yes,0,Graduate,No,6486.0,182.0,360.0,1.0,Semiurban,Y
LP002807,Male,Yes,2,Not Graduate,No,3917.0,108.0,360.0,1.0,Semiurban,Y
LP002813,Female,Yes,1,Graduate,Yes,19484.0,600.0,360.0,1.0,Semiurban,Y
LP002820,Male,Yes,0,Graduate,No,7977.0,211.0,360.0,1.0,Rural,Y
LP002821,Male,No,0,Not Graduate,Yes,5800.0,132.0,360.0,1.0,Semiurban,Y
LP002832,Male,Yes,2,Graduate,No,8799.0,258.0,360.0,0.0,Urban,N
LP002833,Male,Yes,0,Not Graduate,No,4467.0,120.0,360.0,,Rural,Y
LP002836,Male,No,0,Graduate,No,3333.0,70.0,360.0,1.0,Urban,Y
LP002837,Male,Yes,3+,Graduate,No,5900.0,123.0,360.0,0.0,Rural,N
LP002840,Female,No,0,Graduate,No,2378.0,9.0,360.0,1.0,Urban,N
LP002841,Male,Yes,0,Graduate,No,5230.0,104.0,360.0,0.0,Urban,N
LP002842,Male,Yes,1,Graduate,No,5167.0,186.0,360.0,1.0,Urban,Y
LP002847,Male,Yes,,Graduate,No,6567.0,165.0,360.0,0.0,Urban,N
LP002855,Male,Yes,2,Graduate,No,16666.0,275.0,360.0,1.0,Urban,Y
LP002862,Male,Yes,2,Not Graduate,No,7750.0,187.0,480.0,1.0,Semiurban,N
LP002863,Male,Yes,3+,Graduate,No,6406.0,150.0,360.0,1.0,Semiurban,N
LP002868,Male,Yes,2,Graduate,No,3620.0,108.0,84.0,1.0,Urban,Y
LP002872,,Yes,0,Graduate,No,5297.0,136.0,360.0,0.0,Semiurban,N
LP002874,Male,No,0,Graduate,No,5968.0,110.0,360.0,1.0,Urban,Y
LP002877,Male,Yes,1,Graduate,No,4014.0,107.0,360.0,1.0,Rural,Y
LP002888,Male,No,0,Graduate,,6099.0,161.0,360.0,1.0,Urban,Y
LP002892,Male,Yes,2,Graduate,No,6540.0,205.0,360.0,1.0,Semiurban,Y
LP002893,Male,No,0,Graduate,No,35673.0,90.0,360.0,1.0,Urban,N
LP002894,Female,Yes,0,Graduate,No,3166.0,36.0,360.0,1.0,Semiurban,Y
LP002898,Male,Yes,1,Graduate,No,1880.0,61.0,360.0,,Rural,N
LP002911,Male,Yes,1,Graduate,No,4704.0,146.0,360.0,0.0,Rural,N
LP002912,Male,Yes,1,Graduate,No,7283.0,172.0,84.0,1.0,Rural,N
LP002916,Male,Yes,0,Graduate,No,3819.0,104.0,360.0,1.0,Urban,Y
LP002917,Female,No,0,Not Graduate,No,2165.0,70.0,360.0,1.0,Semiurban,Y
LP002925,,No,0,Graduate,No,4750.0,94.0,360.0,1.0,Semiurban,Y
LP002926,Male,Yes,2,Graduate,Yes,2726.0,106.0,360.0,0.0,Semiurban,N
LP002928,Male,Yes,0,Graduate,No,6416.0,56.0,180.0,1.0,Semiurban,Y
LP002931,Male,Yes,2,Graduate,Yes,6000.0,205.0,240.0,1.0,Semiurban,N
LP002933,,No,3+,Graduate,Yes,9357.0,292.0,360.0,1.0,Semiurban,Y
LP002936,Male,Yes,0,Graduate,No,7159.0,142.0,180.0,1.0,Rural,Y
LP002938,Male,Yes,0,Graduate,Yes,16120.0,260.0,360.0,1.0,Urban,Y
LP002940,Male,No,0,Not Graduate,No,3833.0,110.0,360.0,1.0,Rural,Y
LP002941,Male,Yes,2,Not Graduate,Yes,7383.0,187.0,360.0,1.0,Rural,N
LP002943,Male,No,,Graduate,No,2987.0,88.0,360.0,0.0,Semiurban,N
LP002945,Male,Yes,0,Graduate,Yes,9963.0,180.0,360.0,1.0,Rural,Y
LP002948,Male,Yes,2,Graduate,No,5780.0,192.0,360.0,1.0,Urban,Y
LP002949,Female,No,3+,Graduate,,42083.0,350.0,180.0,,Urban,N
LP002950,Male,Yes,0,Not Graduate,,5686.0,155.0,360.0,1.0,Rural,Y
LP002953,Male,Yes,3+,Graduate,No,5703.0,128.0,360.0,1.0,Urban,Y
LP002958,Male,No,0,Graduate,No,7977.0,172.0,360.0,1.0,Rural,Y
LP002959,Female,Yes,1,Graduate,No,12000.0,496.0,360.0,1.0,Semiurban,Y
LP002960,Male,Yes,0,Not Graduate,No,6200.0,,180.0,1.0,Urban,N
LP002961,Male,Yes,1,Graduate,No,5900.0,173.0,360.0,1.0,Semiurban,Y
LP002964,Male,Yes,2,Not Graduate,No,5398.0,157.0,360.0,1.0,Rural,Y
LP002974,Male,Yes,0,Graduate,No,5182.0,108.0,360.0,1.0,Rural,Y
LP002978,Female,No,0,Graduate,No,2900.0,71.0,360.0,1.0,Rural,Y
LP002979,Male,Yes,3+,Graduate,No,4106.0,40.0,180.0,1.0,Rural,Y
LP002983,Male,Yes,1,Graduate,No,8312.0,253.0,360.0,1.0,Urban,Y
LP002984,Male,Yes,2,Graduate,No,7583.0,187.0,360.0,1.0,Urban,Y
LP002990,Female,No,0,Graduate,Yes,4583.0,133.0,360.0,0.0,Semiurban,N
